{"cameraMode":{"drawMode":0,"name":"Shaded","section":"Shading Mode"},"sceneLighting":false,"audioPlay":false,"sceneViewState":{"m_AlwaysRefresh":false,"showFog":true,"showSkybox":false,"showFlares":true,"showImageEffects":true,"showParticleSystems":true,"showVisualEffectGraphs":true,"m_FxEnabled":true},"in2DMode":false,"pivot":{"x":513.9999389648438,"y":228.50001525878907,"z":-35.000003814697269},"rotation":{"x":0.3240586817264557,"y":-0.05587587505578995,"z":0.019162695854902269,"w":0.9442044496536255},"size":205.13278198242188,"orthographic":false}