{"cameraMode":{"drawMode":0,"name":"Shaded","section":"Shading Mode"},"sceneLighting":true,"audioPlay":false,"sceneViewState":{"m_AlwaysRefresh":false,"showFog":true,"showSkybox":true,"showFlares":true,"showImageEffects":true,"showParticleSystems":true,"showVisualEffectGraphs":true,"m_FxEnabled":true},"in2DMode":false,"pivot":{"x":-1.2837157249450684,"y":0.3937835097312927,"z":9.560739517211914},"rotation":{"x":0.3189135491847992,"y":0.0136266415938735,"z":-0.004644219763576984,"w":0.9477013349533081},"size":2.6244378089904787,"orthographic":false}