{"cameraMode":{"drawMode":0,"name":"Shaded","section":"Shading Mode"},"sceneLighting":true,"audioPlay":false,"sceneViewState":{"m_AlwaysRefresh":false,"showFog":true,"showSkybox":true,"showFlares":true,"showImageEffects":true,"showParticleSystems":true,"showVisualEffectGraphs":true,"m_FxEnabled":true},"in2DMode":false,"pivot":{"x":-1.1746381521224976,"y":1.0617151260375977,"z":19.049774169921876},"rotation":{"x":0.02759625017642975,"y":-0.030588990077376367,"z":0.0008009864832274616,"w":0.9991723299026489},"size":8.354125022888184,"orthographic":false}