{"cameraMode":{"drawMode":0,"name":"Shaded","section":"Shading Mode"},"sceneLighting":true,"audioPlay":false,"sceneViewState":{"m_AlwaysRefresh":false,"showFog":true,"showSkybox":true,"showFlares":true,"showImageEffects":true,"showParticleSystems":true,"showVisualEffectGraphs":true,"m_FxEnabled":true},"in2DMode":false,"pivot":{"x":-0.28788259625434878,"y":0.21000012755393983,"z":5.538401126861572},"rotation":{"x":0.49734601378440859,"y":-0.10746083408594132,"z":0.06223855912685394,"w":0.8586272597312927},"size":0.8170619606971741,"orthographic":false}