{"cameraMode":{"drawMode":0,"name":"Shaded","section":"Shading Mode"},"sceneLighting":true,"audioPlay":false,"sceneViewState":{"m_AlwaysRefresh":false,"showFog":true,"showSkybox":true,"showFlares":true,"showImageEffects":true,"showParticleSystems":true,"showVisualEffectGraphs":true,"m_FxEnabled":true},"in2DMode":false,"pivot":{"x":-0.5626959800720215,"y":-0.4765777587890625,"z":7.332004547119141},"rotation":{"x":0.7288387417793274,"y":-0.0035459843929857017,"z":0.0036712773144245149,"w":0.6847044825553894},"size":3.5888590812683107,"orthographic":false}