{"cameraMode":{"drawMode":0,"name":"Shaded","section":"Shading Mode"},"sceneLighting":true,"audioPlay":false,"sceneViewState":{"m_AlwaysRefresh":false,"showFog":true,"showSkybox":true,"showFlares":true,"showImageEffects":true,"showParticleSystems":true,"showVisualEffectGraphs":true,"m_FxEnabled":true},"in2DMode":false,"pivot":{"x":-0.40232396125793459,"y":0.21000009775161744,"z":5.705873966217041},"rotation":{"x":0.2957068979740143,"y":0.04954400286078453,"z":-0.01536936592310667,"w":0.9538790583610535},"size":0.24621263146400453,"orthographic":false}