{"cameraMode":{"drawMode":0,"name":"Shaded","section":"Shading Mode"},"sceneLighting":false,"audioPlay":false,"sceneViewState":{"m_AlwaysRefresh":false,"showFog":true,"showSkybox":false,"showFlares":true,"showImageEffects":true,"showParticleSystems":true,"showVisualEffectGraphs":true,"m_FxEnabled":true},"in2DMode":false,"pivot":{"x":-3.9848477840423586,"y":21.436649322509767,"z":-0.03129436820745468},"rotation":{"x":-0.01438885647803545,"y":0.0068944357335567478,"z":0.00008928817987907678,"w":0.9998860359191895},"size":79.11670684814453,"orthographic":false}