{"cameraMode":{"drawMode":0,"name":"Shaded","section":"Shading Mode"},"sceneLighting":false,"audioPlay":false,"sceneViewState":{"m_AlwaysRefresh":false,"showFog":true,"showSkybox":false,"showFlares":true,"showImageEffects":true,"showParticleSystems":true,"showVisualEffectGraphs":true,"m_FxEnabled":true},"in2DMode":false,"pivot":{"x":55.709625244140628,"y":77.61161804199219,"z":35.254859924316409},"rotation":{"x":0.0590054951608181,"y":0.04879116266965866,"z":-0.002896825550124049,"w":0.9970713257789612},"size":130.60751342773438,"orthographic":false}